Client Name,Email ID,Contact Number,Source/Website Information,Theme of Business,Pain Points,Possible Solution,Sent Status,Sent Time
Casagrand Premier Builder,sales@casagrand.co.in,044-40404040,OMR / credaichennai.in,Real Estate,High lead leakage due to manual follow-ups on Facebook Ads.,AI CRM Automations for instant lead qualification.,Yes,2026-02-12 10:15:00
Appaswamy Real Estates,marketing@appaswamy.com,044-28156633,Saidapet / Website,Real Estate,"Premium properties require highly qualified, high-net-worth lead generation.",Hyper-targeted B2B/B2C Lead Gen & Premium Digital Marketing.,Yes,2026-02-12 15:00:34
Baashyaam Constructions,info@baashyaam.com,044-42255555,T Nagar / LinkedIn,Real Estate,Managing multi-project portfolios digitally is chaotic without a unified dashboard.,Custom Web Dev (Property Portals) & Automated Lead Routing.,Yes,2026-02-12 13:54:15
Alliance Infrastructure,info@alliancein.com,044-43546999,Anna Nagar,Real Estate,"Standard delivery of digital ads leads to saturated, low-converting traffic.",Advanced Performance Marketing & AI ad creative testing.,Yes,2026-02-12 14:04:14
Doshi Housing Pvt. Ltd.,sales@doshihousing.com,044-28251881,Egmore / JustDial,Real Estate,Missing out on organic search traffic for specific neighborhood queries.,Portfolio SEO & neighborhood-specific landing page Web Dev.,Yes,2026-02-12 14:12:52
Navin's Housing,sales@navins.in,044-24371111,Nandanam,Real Estate,Outdated digital presence fails to build trust with modern home buyers.,Complete Website Revamp (Web Dev) & Trust-signal Digital Marketing.,Yes,2026-02-12 14:13:19
Radiance Realty,info@radiancerealty.in,044-43470970,Teynampet,Real Estate,Needs automated scheduling for property site visits from digital leads.,AI Automations for calendar booking via WhatsApp/Web.,Yes,2026-02-12 14:13:47
KG Foundations,sales@kgbuilders.com,044-28414863,Royapettah,Real Estate,Slow response times to NRI inquiries over weekends.,24/7 AI Chatbot for NRI lead capture and FAQ handling.,Yes,2026-02-12 14:14:15
VGN Projects,info@vgn.in,044-43439999,Guindy,Real Estate,Difficulty tracking ROI on localized offline marketing events.,O2O (Offline-to-Online) tracking integration via custom Web Dev.,Yes,2026-02-12 14:14:42
Akshaya Homes,marketing@akshaya.com,044-24968811,Adyar,Real Estate,Virtual tour integration on current website is laggy and unoptimized.,High-performance Web Dev for seamless 3D virtual property tours.,Yes,2026-02-12 14:15:09
Shriram Properties,info@shriramproperties.com,044-40014410,Perungalathur,Real Estate,Channel partner (broker) onboarding is heavily manual and paper-based.,B2B Partner Portal Web Dev & AI document verification.,Yes,2026-02-12 14:15:35
Olympia Group,info@olympiagroup.in,044-43563773,Guindy,Commercial Real Estate,Leasing inquiries for IT parks need corporate-level B2B nurturing.,LinkedIn Lead Gen & Automated Email Nurture Sequences.,Yes,2026-02-12 14:16:03
TVS Emerald,info@tvsemerald.com,044-28332115,Ashok Nagar,Real Estate,Need to stand out against heavy competition in the affordable luxury segment.,Brand-driven Digital Marketing & high-conversion Web Dev.,Yes,2026-02-12 14:16:29
Pacifica Companies,sales@pacificacompanies.in,044-48589999,OMR,Real Estate,"Post-sales customer updates are manual, causing buyer anxiety.",Automated WhatsApp AI updates for project construction milestones.,Yes,2026-02-12 14:16:55
Urban Tree Infrastructures,info@urbantree.in,044-40000300,T Nagar,Real Estate,High cost per acquisition on Google Search Ads.,Landing Page Optimization (Web Dev) & specialized SEO/SEM.,Yes,2026-02-12 14:17:23
Jones Foundations,info@jonesfoundations.com,044-42801234,Pallikaranai,Real Estate,Struggling to capture leads for plotting projects in South Chennai.,Geo-targeted Digital Marketing & instant WhatsApp Lead Gen.,Yes,2026-02-12 14:17:50
StepStone Builders,sales@stepstonebuilders.com,044-24716655,Porur,Real Estate,Customer reviews and testimonials are not effectively digitized.,Reputation Management via AI & Testimonial-focused Web Dev.,Yes,2026-02-12 14:18:17
Ruby Builders,info@rubybuilders.in,044-22262222,Tambaram,Real Estate,Reliance on traditional billboards,Transition strategy to Digital Marketing & Lead Generation.,Yes,2026-02-12 14:18:43
DAC Promoters,sales@dacpromoters.com,044-42863333,Chromepet,Real Estate,Manual drafting of customized payment plans for buyers.,Web-based AI calculator tools for dynamic pricing models.,Yes,2026-02-12 14:19:09
G Square Housing,info@gsquarehousing.com,044-46001111,Alwarpet,Real Estate (Plots),Massive volume of low-intent leads wasting sales team bandwidth.,AI Automations for deep lead qualification before human handover.,Yes,2026-02-12 14:19:35
Lancor Holdings,info@lancor.in,044-28273676,Nungambakkam,Real Estate,Legacy website architecture makes mobile browsing difficult.,Mobile-first responsive Web Dev overhaul.,Yes,2026-02-12 14:20:01
Marg Properties,info@margproperties.com,044-24541111,Kottivakkam,Real Estate,Re-engaging cold leads from old project databases is manual.,Automated AI-driven SMS/Email re-engagement campaigns.,Yes,2026-02-12 14:20:29
Kences Foundations,info@kences.com,044-28151515,T Nagar,Real Estate,Lack of digital storytelling for premium heritage projects.,Immersive Web Dev & Video-led Digital Marketing.,Yes,2026-02-12 14:20:57
Puravankara Chennai,saleschennai@puravankara.com,044-44555555,Guindy,Real Estate,Integrating fragmented CRM data with the front-end website.,Custom Web Dev with deep API integrations for Zoho/Salesforce.,Yes,2026-02-12 14:21:25
Mahindra Lifespaces,info@mahindralifespaces.com,044-24985555,Chennai Central,Real Estate,Sustainability initiatives are poorly highlighted digitally.,Content Marketing & specialized landing pages (Web Dev).,Yes,2026-02-12 14:21:51
Apollo Hospitals Greams Road,info@apollohospitals.com,044-28290200,Greams Road,Healthcare,Massive volume of inbound calls for basic scheduling clogs bandwidth.,Conversational Voice/Text AI Automations for patient scheduling.,Yes,2026-02-12 14:22:18
Billroth Hospitals,info@billrothhospitals.com,044-26641777,Shenoy Nagar,Healthcare,Need for streamlined digital patient onboarding.,Patient Portal Web Dev & targeted Digital Marketing.,Yes,2026-02-12 14:22:44
C.S.I. Kalyani Hospital,info@csikalyani.com,044-28476433,Mylapore,Healthcare,Legacy systems create digital friction for modern patients.,Tele-health Web Dev integrations & AI follow-up sequences.,Yes,2026-02-12 14:23:11
Dr. Mehta's Hospitals,info@mehtashospital.com,044-42271001,Chetpet,Healthcare,High competition in pediatric care requires continuous lead generation.,B2C Healthcare Lead Gen & SEO Content Marketing.,Yes,2026-02-12 14:23:38
Fortis Malar Hospital,info@fortismalar.com,044-42892222,Adyar,Healthcare,Managing post-operative care queries requires extensive human capital.,AI Automations for patient FAQ and recovery tracking.,Yes,2026-02-12 14:24:05
Madras Medical Mission,info@mmm.org,044-26565961,Mogappair,Healthcare,Fragmented digital presence limits specialized department lead capture.,Department-specific landing pages (Web Dev) & targeted Lead Gen.,Yes,2026-02-12 14:24:31
MIOT International,info@miotinternational.com,044-22492288,Manappakkam,Healthcare,International patient acquisition requires multi-lingual digital targeting.,Global Digital Marketing & AI-translated chat automations.,Yes,2026-02-12 14:24:57
Sankara Nethralaya,info@sankaranethralaya.org,044-28271616,Nungambakkam,Healthcare,Massive volume of routine appointment queries overwhelms staff.,AI-driven appointment booking bots & automated reminders.,Yes,2026-02-12 14:25:23
Sooriya Hospital,info@sooriyahospital.com,044-23761750,Vadapalani,Healthcare,Needs better visibility in local Vadapalani searches against competitors.,Localized SEO & Digital Marketing campaigns.,Yes,2026-02-12 14:25:50
Sri Ramachandra Medical Centre,info@sriramachandra.edu.in,044-24768402,Porur,Healthcare,Dual operations (education & healthcare) require complex architecture.,Enterprise Web Dev & dual-funnel Lead Generation.,Yes,2026-02-12 14:26:16
Kauvery Hospital,info@kauveryhospital.com,044-40006000,Alwarpet,Healthcare,Regional expansion requires localized digital dominance.,"Hyper-local SEO, Digital Marketing & automated booking.",Yes,2026-02-12 14:26:43
Gleneagles Global Health City,info@gleneaglesglobal.com,044-44770000,Perumbakkam,Healthcare,Organ transplant department needs high-trust B2B/B2C content distribution.,Advanced Content Marketing & secure Web Dev portals.,Yes,2026-02-12 14:27:09
Prashanth Hospitals,info@prashanthhospitals.org,044-42277777,Velachery,Healthcare,Maternity packages are hard to compare on their current site.,Interactive Web Dev for pricing comparison & Lead Gen.,Yes,2026-02-12 14:27:36
SIMS Hospital,info@simshospitals.com,044-20002001,Vadapalani,Healthcare,Second-opinion consultations require secure document uploads digitally.,HIPAA-compliant Web Dev for secure patient file uploads.,Yes,2026-02-12 14:28:02
Vijaya Hospital,info@vijayahospital.org,044-23652222,Vadapalani,Healthcare,Outdated UI/UX leads to high bounce rates on mobile devices.,"Modern, accessible Web Dev & UX/UI redesign.",Yes,2026-02-12 14:28:29
Cloudnine Hospital,info@cloudninecare.com,044-40004000,T Nagar,Healthcare,"Expecting mothers require continuous, automated educational content.",AI-driven Email/WhatsApp drip marketing automations.,Yes,2026-02-12 14:28:56
Apollo Proton Cancer Centre,info@apolloproton.com,044-61011111,Taramani,Healthcare,Highly technical treatments require simplified digital explainer funnels.,Video-focused Web Dev & targeted B2C Healthcare Lead Gen.,Yes,2026-02-12 14:29:22
Aarudraa Homoeopathic,info@aarudraa.com,044-24333344,Ashok Nagar,Healthcare Clinic,Alternative medicine clinics struggle with Google Ads restrictions.,Organic SEO & Content-heavy Digital Marketing.,Yes,2026-02-12 14:29:49
Vasan Eye Care,info@vasaneye.com,044-39890000,Saidapet,Healthcare Clinic,Franchise model requires standardized local SEO for all branches.,Centralized SEO Management & localized Web Dev.,Yes,2026-02-12 14:30:17
Dentistry Redefined,info@dentistryredefined.com,044-42111122,Anna Nagar,Dental Clinic,Cosmetic dentistry leads have long decision cycles.,AI CRM Automations for long-term patient nurturing.,Yes,2026-02-12 14:30:44
Radiant Skin Clinic,info@radiantskin.com,044-24411133,Adyar,Dermatology,High volume of DM inquiries on Instagram for treatment pricing.,AI Instagram DM Automations & booking integrations.,Yes,2026-02-12 14:31:10
MGM Healthcare,info@mgmhealthcare.in,044-45242424,Aminjikarai,Healthcare,Premium hospital experience is not reflected in standard website templates.,"Premium, bespoke Web Dev & high-end Digital Marketing.",Yes,2026-02-12 14:31:38
Hande Hospital,info@handehospital.org,044-26214444,Shenoy Nagar,Healthcare,Difficulty recruiting specialized nurses digitally.,Targeted Recruitment Digital Marketing & AI resume parsing.,Yes,2026-02-12 14:32:05
Kamakshi Memorial Hospital,info@kmhonline.com,044-66300300,Pallikaranai,Healthcare,Traffic from OMR tech crowd is not converting due to slow site speed.,Performance-optimized Web Dev & Tech-focused Lead Gen.,Yes,2026-02-12 14:32:32
Hindu Mission Hospital,info@hindumission.org,044-22262244,Tambaram,Healthcare (NGO),Donation funnels and community outreach are fully manual.,Automated donation Web Dev & NGO Digital Marketing.,Yes,2026-02-12 14:32:59
Freshworks,info@freshworks.com,044-66677788,Perungudi,SaaS,Constantly hiring interns,Outsourced AI Automations & Specialized Student Training.,Yes,2026-02-12 14:33:26
Zoho Corporation,info@zohocorp.com,044-67447070,Estancia IT Park,SaaS,Needs niche talent trained in proprietary languages like Deluge.,Corporate Training programs tailored for incoming freshers.,Yes,2026-02-12 14:33:53
Chargebee,info@chargebee.com,044-45556666,Guindy,SaaS,Scaling requires aggressive B2B top-of-funnel lead generation.,Enterprise B2B Lead Gen & LinkedIn Marketing.,Yes,2026-02-12 14:34:19
Kissflow,info@kissflow.com,044-40005000,Tidel Park,SaaS,Content creation for diverse B2B workflows is resource-heavy.,Deploy advanced AI Automations for programmatic content generation.,Yes,2026-02-12 14:34:46
Keka HR,info@keka.com,044-33334444,OMR,SaaS,HR tech needs targeted outreach to local Chennai manufacturing HR heads.,Hyper-local B2B Lead Gen targeting specific industries.,Yes,2026-02-12 14:35:13
Guvi Geek Network,info@guvi.in,044-42113344,IIT Madras Research Park,EdTech SaaS,Scaling student acquisition requires automated ad variations.,Advanced Performance Marketing & AI ad testing.,Yes,2026-02-12 14:35:39
SuperOps.ai,info@superops.ai,044-43432211,Guindy,SaaS,Hyper-scaling phase requires massive IT/MSP B2B lead generation.,Specialized Technical B2B Lead Gen & Digital Marketing.,Yes,2026-02-12 14:36:06
Mad Street Den (Vue.ai),info@vue.ai,044-45001122,Alwarpet,Retail AI,Highly technical product needs simplified explainer marketing.,Content-driven Web Dev & B2B Tech Marketing.,Yes,2026-02-12 14:36:33
Kriya IT Solutions,hr@kriyait.com,044-22334455,Velachery,IT Services,Struggling to scale Dev teams affordably,'Agency-as-a-Service' Web Dev outsourcing to student experts.,Yes,2026-02-12 14:36:59
TCS Chennai,info@tcs.com,044-66160000,Siruseri,IT Enterprise,Massive volume of freshers requiring basic communication upskilling.,Communication Mastery & Confidence Building Corporate Training.,Yes,2026-02-12 14:37:26
Cognizant,info@cognizant.com,044-42096000,MEPZ Tambaram,IT Enterprise,Internal AI tool adoption is slow among legacy project managers.,Prompt Engineering & AI Training workshops.,Yes,2026-02-12 14:37:53
Infosys Chennai,info@infosys.com,044-24504444,Mahindra World City,IT Enterprise,Onboarding processes generate massive repetitive query loads.,Internal HR AI Chatbot Automations & Intranet Web Dev.,Yes,2026-02-12 14:38:20
Wipro Chennai,info@wipro.com,044-30693069,Sholinganallur,IT Enterprise,"Need agile, modular web components for internal hackathons.",White-label Web Dev support from student tech teams.,Yes,2026-02-12 14:38:47
Ramco Systems,info@ramco.com,044-22354510,Guindy,ERP SaaS,Legacy enterprise software marketing lacks modern digital flair.,Complete B2B Digital Marketing transformation & SEO.,Yes,2026-02-12 14:39:13
Intellect Design Arena,info@intellectdesign.com,044-67008000,Siruseri,FinTech,Complex API documentation creates onboarding friction for banks.,AI-assisted Web Dev for dynamic developer documentation portals.,Yes,2026-02-12 14:39:40
Agilisium Consulting,info@agilisium.com,044-42118899,Guindy,AWS Consulting,Seeking highly qualified B2B leads in the cloud migration space.,Automated LinkedIn Lead Gen & Outreach Strategies.,Yes,2026-02-12 14:40:06
Contus,info@contus.com,044-49201000,Guindy,SaaS/IT,Video streaming SaaS marketing requires high-bandwidth digital assets.,Web Dev optimized for video delivery & Tech SEO.,Yes,2026-02-12 14:40:32
Vuram Technology,info@vuram.com,044-42045678,OMR,BPM Consulting,"Consulting services require authoritative, trust-building digital content.",Content-driven Digital Marketing & professional Web Dev revamps.,Yes,2026-02-12 14:40:59
Ideas2IT Technologies,info@ideas2it.com,044-43556677,Guindy,Product Engineering,Needs to accelerate software delivery cycles but lacks junior bandwidth.,Outsourced Web Dev support & AI-assisted coding training.,Yes,2026-02-12 14:41:26
Indium Software,info@indiumsoftware.com,044-64502233,Royapettah,QA Services,QA testing pipelines rely heavily on manual intern bandwidth.,Automated QA testing consulting & AI software validation.,Yes,2026-02-12 14:41:52
LatentView Analytics,info@latentview.com,044-43441700,Ramanujan IT City,Data Analytics,Recruiting top-tier data scientists digitally is highly competitive.,Targeted Recruitment Digital Marketing & Branding.,Yes,2026-02-12 14:42:19
Aspire Systems,info@aspiresys.com,044-67404000,Siruseri,IT Services,Generating B2B leads for retail tech is manual and slow.,Automated B2B Lead Gen & LinkedIn outreach scaling.,Yes,2026-02-12 14:42:46
BCT Digital,info@bctdigital.ai,044-45009900,Chennai,RiskTech SaaS,Niche banking software requires ultra-targeted C-level marketing.,Account-Based Marketing (ABM) & Executive B2B Lead Gen.,Yes,2026-02-12 14:43:12
SysArc Infomatix,info@sysarcinfomatix.com,044-28151122,Nungambakkam,Lending Tech,Legacy B2B sales cycles rely heavily on offline networks.,Modern B2B Lead Gen & Digital Marketing transformations.,Yes,2026-02-12 14:43:39
Ashok Leyland,info@ashokleyland.com,044-22206000,Guindy,Automotive Mfg,Fleet management client acquisition requires multi-touchpoint marketing.,Advanced B2B Lead Generation & automated nurture sequences.,Yes,2026-02-12 14:44:05
TVS Motor Company,info@tvsmotor.com,044-28272233,Greams Road,Automotive Mfg,Supply chain vendor onboarding is highly manual.,AI Automations for vendor document parsing and portal Web Dev.,Yes,2026-02-12 14:44:32
Royal Enfield,info@royalenfield.com,044-42202000,OMR,Automotive Mfg,Requires highly polished digital presence for custom merchandise.,Premium E-commerce Web Dev & B2C Digital Marketing.,Yes,2026-02-12 14:44:58
India Cements,info@indiacements.co.in,044-28521526,Santhome,Manufacturing,B2B distributor orders are placed manually via phone/WhatsApp.,B2B E-commerce Portal Web Dev & Automated Order Intake.,Yes,2026-02-12 14:45:25
MRF Tyres,info@mrftyres.com,044-28292777,Greams Road,Manufacturing,Local dealer locator on website is slow and inaccurate.,API-driven Web Dev for advanced geolocation dealer finding.,Yes,2026-02-12 14:45:52
Amrutanjan Health Care,info@amrutanjan.com,044-24994465,Mylapore,FMCG,E-commerce direct-to-consumer sales lag behind retail.,D2C E-commerce Web Dev & Performance Digital Marketing.,Yes,2026-02-12 14:46:18
Butterfly Gandhimathi,info@butterflyindia.com,044-42224222,Kelambakkam,Appliance Mfg,Handling post-warranty service requests is resource-heavy.,AI Chatbots for automated service ticketing & scheduling.,Yes,2026-02-12 14:46:46
Hatsun Agro Product,info@hap.in,044-24501622,Karapakkam,FMCG,Franchise inquiry processing is entirely manual.,AI CRM Automations for franchise lead qualification.,Yes,2026-02-12 14:47:13
CavinKare,info@cavinkare.com,044-24332222,Cenotaph Road,FMCG,Launching new D2C brands requires rapid website deployment.,Agile Web Dev for landing pages & D2C Marketing.,Yes,2026-02-12 14:47:39
TTK Prestige,info@ttkprestige.com,044-28114444,T Nagar,Appliance Mfg,Manual order processing for B2B kitchen setups causes delays.,Automated B2B order intake Web Dev.,Yes,2026-02-12 14:48:05
Sanmar Group,info@sanmargroup.com,044-28128500,Cathedral Road,Chemical Mfg,Legacy corporate website fails to reflect modern sustainability efforts.,Corporate Website Revamp (Web Dev) & Content Marketing.,Yes,2026-02-12 14:48:32
Rane Group,info@ranegroup.com,044-28112472,Alwarpet,Auto Components,Need to digitize traditional catalogs for international B2B buyers.,Enterprise B2B E-commerce Web Dev & Global Lead Gen.,Yes,2026-02-12 14:48:59
Lucas TVS,info@lucastvs.com,044-26258211,Padi,Auto Components,Custom engineering inquiries require manual technical qualification.,AI Automations for technical lead pre-qualification.,Yes,2026-02-12 14:49:27
Wheels India,info@wheelsindia.com,044-26258511,Padi,Auto Components,Global expansion hindered by a non-responsive corporate website.,Internationalized Web Dev & Global B2B SEO.,Yes,2026-02-12 14:49:54
Sundaram Fasteners,info@sundaramfasteners.com,044-28415555,Mylapore,Auto Components,Vendor and supplier communication is fragmented.,AI Automations for unified vendor communication & portal Web Dev.,Yes,2026-02-12 14:50:20
Brakes India,info@brakesindia.com,044-28522265,Anna Salai,Auto Components,Recruiting specialized engineering talent digitally is competitive.,Targeted Recruitment Marketing & AI resume parsing.,Yes,2026-02-12 14:50:47
Simpson & Co,info@simpsons.co.in,044-28585000,Anna Salai,Diesel Engine Mfg,Maintenance and service manuals are only available in print.,"Web Dev for digitized, searchable technical documentation portals.",Yes,2026-02-12 14:51:13
Tractors and Farm Equip,info@tafe.com,044-66919000,Nungambakkam,Machinery Mfg,Generating leads for heavy machinery requires specialized marketing.,B2B Performance Digital Marketing & sophisticated Lead Gen.,Yes,2026-02-12 14:51:41
EID Parry,info@eidparry.com,044-25306789,Parrys Corner,Sugar Mfg,Complex supply chain updates for farmers lack digital interfaces.,Mobile-first Web Dev for farmer communication portals.,Yes,2026-02-12 14:52:07
Coromandel International,info@coromandel.biz,044-25301700,Parrys Corner,Fertilizer Mfg,B2B bulk orders lack real-time digital tracking.,Custom Web Dev for client-facing supply chain dashboards.,Yes,2026-02-12 14:52:35
Tube Investments,info@tiindia.com,044-42286789,Guindy,Metal Mfg,Reliance on physical networks limits national B2B expansion.,National B2B Lead Generation & modernized corporate Web Dev.,Yes,2026-02-12 14:53:02
Carborundum Universal,info@cumi.murugappa.com,044-30006161,Parrys,Material Mfg,Highly technical product specification documents are hard to find.,AI-driven Search Automations within custom Web Dev.,Yes,2026-02-12 14:53:30
Cholamandalam Investment,info@cholamandalam.com,044-40907172,Guindy,Financial Services,Retail loan origination requires high-velocity digital funnels.,Conversion-optimized Web Dev & AI chatbot loan pre-qualification.,Yes,2026-02-12 14:53:56
Sundaram Finance,info@sundaramfinance.in,044-28521181,Mount Road,Financial Services,Massive enterprise requiring continuous training for digital deployments.,Specialized Corporate Training & AI Automation consulting.,Yes,2026-02-12 14:54:23
Repco Home Finance,info@repcohome.com,044-28151111,T Nagar,Financial Services,Customer support queries regarding EMI status overload call centers.,WhatsApp AI Automations for instant EMI & account status.,Yes,2026-02-12 14:54:50
Nalli Silks,info@nallisilks.com,044-24344115,T Nagar,Retail / Saree,Virtual shopping via video call is entirely manual and difficult to scale.,Web Dev with automated scheduling for video consultations.,Yes,2026-02-12 14:55:17
Pothys,info@pothys.com,044-24344077,T Nagar,Retail / Clothing,High volume of manual DM inquiries for premium collections.,High-end E-commerce Web Dev & AI Instagram DM Automation.,Yes,2026-02-12 14:55:44
RmKV Silks,info@rmkv.com,044-28111199,T Nagar,Retail / Clothing,E-commerce site architecture crashes during Diwali sale peaks.,"Scalable, high-performance E-commerce Web Dev.",Yes,2026-02-12 14:56:11
Kumaran Silks,info@kumaransilks.com,044-24343110,T Nagar,Retail / Saree,Niche search traffic lost to competitors,Portfolio SEO & Digital Marketing strategy implementation.,Yes,2026-02-12 14:56:38
Chennai Silks,info@thechennaisilks.com,044-24314888,T Nagar,Retail / Clothing,Lack of hyper-local digital marketing for specific regional branches.,Localized Lead Gen & Dynamic Digital Marketing.,Yes,2026-02-12 14:57:05
Saravana Stores,info@saravanastores.in,044-24340000,T Nagar,Hypermarket,"Massive inventory lacks a cohesive, searchable online catalog.",Enterprise E-commerce Web Dev & AI Cataloging.,Yes,2026-02-12 14:57:32
Joyalukkas Chennai,info@joyalukkas.com,044-28155555,T Nagar,Jewelry Retail,High-ticket jewelry buyers need VIP digital nurturing.,Premium Digital Marketing & AI CRM Automations.,Yes,2026-02-12 14:57:59
Kalyan Jewellers Chennai,info@kalyanjewellers.net,044-28141414,T Nagar,Jewelry Retail,Managing custom design appointments digitally is fragmented.,AI Appointment Automation & Dynamic Web Dev for lookbooks.,Yes,2026-02-12 14:58:25
Malabar Gold Chennai,info@malabargold.com,044-28151516,T Nagar,Jewelry Retail,Gold rate fluctuation updates are manually messaged to VIPs.,Automated WhatsApp/Email AI alerts for price changes.,Yes,2026-02-12 14:58:53
GRT Jewellers,info@grtjewels.com,044-24345042,T Nagar,Jewelry Retail,Gold saving scheme enrollments are heavily paper-based.,FinTech integrated Web Dev for digital scheme enrollments.,Yes,2026-02-12 15:56:31
Vummidi Bangaru Jewellers,info@vummidi.com,044-28292000,Anna Salai,Premium Jewelry,Requires highly polished digital presence to match luxury brand.,Premium Digital Marketing & VIP Lead Gen automation.,Yes,2026-02-12 15:56:58
Bapalal & Co,info@bapalal.com,044-28114444,Cathedral Road,Premium Jewelry,Scaling custom jewelry requests digitally is difficult.,Automated E-commerce with AI-driven custom inquiry routing.,Yes,2026-02-12 15:57:25
Viveks,info@viveks.com,044-42222222,Mylapore,Electronics Retail,Omnichannel experience is broken,Inventory-Synced E-commerce Web Dev.,Yes,2026-02-12 15:57:51
Vasanth & Co,info@vasanthandco.in,044-24311111,Vadapalani,Electronics Retail,Heavy reliance on TV ads,Performance Digital Marketing & B2C Lead Gen.,Yes,2026-02-12 15:58:17
Poorvika Mobiles,info@poorvika.com,044-43999999,Kodambakkam,Electronics Retail,Customer feedback and complaints are scattered across social media.,AI Sentiment Analysis & Automated Support Ticket Routing.,Yes,2026-02-12 15:58:44
Sangeetha Mobiles,info@sangeethamobiles.com,044-24345555,T Nagar,Electronics Retail,Franchise disconnect,Unified Digital Transformation: Web Dev across verticals.,Yes,2026-02-12 15:59:12
Naidu Hall,info@naiduhall.com,044-28151122,T Nagar,Apparel Retail,Lacks domestic online sales portal,Complete E-commerce Web Dev deployment & localized SEO.,Yes,2026-02-12 15:59:38
Mustafa Gold Mart,info@mustafagold.com,044-25225555,Parrys,Jewelry Retail,B2B wholesale jewelry orders are highly manual.,B2B Lead Generation & LinkedIn Outreach Marketing.,Yes,2026-02-12 16:00:05
Rex Fashions,info@rexfashions.com,044-28154444,Mylapore,Apparel Retail,Boutique scaling hindered by outdated inventory software.,Web Dev with modern ERP/Inventory AI integrations.,Yes,2026-02-12 16:00:32
Evoluzione Boutique,hello@evoluzionestyle.com,044-28333627,Khader Nawaz Khan Rd,Luxury Retail,High volume of manual inquiries for premium collections.,High-end E-commerce Web Dev & AI Instagram DM Automation.,Yes,2026-02-12 16:00:59
Amethyst,shops@amethystchennai.com,044-45991630,Royapettah,Boutique & Cafe,Complex multi-vertical business lacking unified digital booking.,Unified Digital Transformation: Web Dev across verticals.,Yes,2026-02-12 16:01:26
Collage Lifestyle,support@collagestyle.in,044-28256868,Greams Road,Designer Store,Managing inventory from dozens of designers manually creates sync issues.,Advanced Web Dev with multi-vendor inventory API syncing.,Yes,2026-02-12 16:01:54
Studio Tara,info@studiotara.com,044-24333344,Alwarpet,Bespoke Jewelry,"Requires high-intent, ultra-qualified leads for high-ticket luxury.",Hyper-targeted B2C Lead Gen & Premium Digital Marketing.,Yes,2026-02-12 16:02:22
Gatsby Collection,info@gatsby.in,044-28264444,Nungambakkam,Menswear,Custom tailoring appointments lack an automated digital funnel.,AI Automations for calendar booking via WhatsApp/Web.,Yes,2026-02-12 16:02:50
The Marina,info@themarina.in,044-42030000,Nungambakkam,Seafood Restaurant,Menu is highly dynamic based on daily catch,Dynamic QR Web Dev & Automated Menu Syncing.,Yes,2026-02-12 16:03:18
Southern Spice (Taj),reservations@tajhotels.com,044-66002827,Nungambakkam,Premium Dining,Luxury dining requires pristine digital representation and seamless booking.,High-end Web Dev & AI-driven VIP reservation automations.,Yes,2026-02-12 16:03:45
Peshawri (ITC Grand),info@itchotels.in,044-22200000,Guindy,Premium Dining,"Feedback collection relies on paper forms, losing valuable data.",AI Chatbots for instant post-meal feedback & CRM updating.,Yes,2026-02-12 16:04:12
Avartana (ITC Grand),info@itchotels.in,044-22200000,Guindy,Premium Dining,Exclusive tasting menus need highly targeted digital marketing.,Specialized B2C Digital Marketing for high-net-worth individuals.,Yes,2026-02-12 16:04:38
Murugan Idli Shop,info@muruganidlishop.com,044-28154444,T Nagar,Restaurant Chain,Expanding locations requires unified digital branding and order handling.,Enterprise Web Dev & Automated Digital Marketing.,Yes,2026-02-12 16:05:05
Saravana Bhavan,info@saravanabhavan.com,044-28111111,Vadapalani,Restaurant Chain,High volume of bulk catering queries handled manually.,AI Automations for automated catering quote generation.,Yes,2026-02-12 16:05:31
Sangeetha Veg,info@sangeethaveg.com,044-24344444,Mylapore,Restaurant Chain,Takeaway ordering via phone calls leads to errors during rush hour.,Custom Web Dev for direct-to-consumer online ordering.,Yes,2026-02-12 16:05:57
Ananda Bhavan (A2B),info@a2b.in,044-24955555,Adyar,Restaurant Chain,Sweets delivery for festivals requires scalable digital infrastructure.,High-capacity E-commerce Web Dev & AI Order Routing.,Yes,2026-02-12 16:06:26
Writer's Cafe,info@writerscafe.in,044-28114444,Gopalapuram,Cafe / Bakery,Social impact mission is not effectively communicated online.,Story-driven Web Dev & Content Marketing.,Yes,2026-02-12 16:06:52
Amelie's Cafe,info@amelies.in,044-42112222,Alwarpet,Cafe,Instagram traffic does not convert well to actual footfall.,O2O Digital Marketing & geo-targeted lead capture.,Yes,2026-02-12 16:07:20
Chamiers Cafe,info@chamiers.com,044-24311111,R.A. Puram,Cafe / Boutique,Cross-selling between cafe and boutique verticals is disjointed.,Unified Web Dev integrating retail e-commerce and cafe booking.,Yes,2026-02-12 16:07:46
The Brew Room,info@thebrewroom.in,044-28113333,Mylapore,Cafe,High competition in specialty coffee requires strong local SEO.,"Local SEO, Google Business Optimization & Digital Marketing.",Yes,2026-02-12 16:08:13
Ciclo Cafe,info@ciclocafe.com,044-42044444,Kotturpuram,Themed Cafe,Merchandise sales are strictly offline.,E-commerce Web Dev for cycling merchandise & apparel.,Yes,2026-02-12 16:08:39
Toscano,info@toscano.in,044-28266666,Nungambakkam,Italian Dining,Weekend reservation management is chaotic and manual.,AI Appointment Automation & Web Dev integration.,Yes,2026-02-12 16:09:07
Kobe Sizzlers,info@kobesizzlers.com,044-28255555,Anna Nagar,Casual Dining,Customer retention and loyalty programs are non-existent digitally.,AI CRM Automations for recurring anniversary/birthday outreach.,Yes,2026-02-12 16:09:33
Jonah's Bistro,info@jonahs.in,044-42111111,Besant Nagar,Casual Dining,Inconsistent digital branding across multiple outlet pages.,Centralized Web Dev & cohesive Digital Marketing.,Yes,2026-02-12 16:10:00
Eden Veg Restaurant,info@edenveg.com,044-24955555,Besant Nagar,Vegetarian Dining,Catering inquiries for niche events require heavy manual follow-up.,AI Chatbots for automated event catering qualification.,Yes,2026-02-12 16:10:28
Mathsya,info@mathsya.com,044-28111111,Egmore,Restaurant,Late-night delivery orders rely entirely on high-commission aggregators.,Direct-to-Consumer Web Dev & Automated Order Routing.,Yes,2026-02-12 16:10:59
Ente Keralam,info@entekeralam.com,044-24344444,Poes Garden,Regional Dining,"Festival special menus (e.g., Onam Sadhya) need aggressive short-term marketing.",Campaign-specific Landing Pages & Performance Marketing.,Yes,2026-02-12 16:11:30
Bombay Brasserie,info@bombaybrasserie.in,044-28266666,Nungambakkam,Fine Dining,Corporate lunch bookings are a missed B2B opportunity.,B2B Lead Generation targeting local corporate HRs.,Yes,2026-02-12 16:11:59
Cream Centre,info@creamcentre.com,044-28112222,R.A. Puram,Casual Dining,Waitlist management during peak hours frustrates customers.,Web-based AI Waitlist Automation & SMS notifications.,Yes,2026-02-12 16:12:26
Absolute Barbecues (AB's),info@absolutebarbecues.com,044-42113333,T Nagar,Buffet Restaurant,Large group booking discounts are negotiated manually.,Dynamic Web Dev pricing calculator for group bookings.,Yes,2026-02-12 16:12:54
Barbeque Nation,info@barbequenation.com,044-60606060,Vadapalani,Buffet Restaurant,Managing feedback across hundreds of daily diners is impossible manually.,AI Sentiment Analysis on automated feedback forms.,Yes,2026-02-12 16:13:20
Coal Barbecues,info@coalbarbecues.com,044-42114444,Velachery,Buffet Restaurant,Needs better visibility in local Velachery searches against AB's.,Localized SEO & hyper-targeted Digital Marketing.,Yes,2026-02-12 17:19:52
Madurai Kumar Mess,info@maduraikumarmess.com,044-24811111,Vadapalani,Regional Dining,Authentic heritage isn't portrayed well on their basic website.,Complete Website Revamp (Web Dev) & Trust-signal Marketing.,Yes,2026-02-12 17:20:17
Anna University,info@annauniv.edu,044-22351126,Guindy,Education,Managing vast student admissions and inquiries manually is overwhelming.,AI Chatbots for admissions queries & modernized Web Dev portals.,Yes,2026-02-12 17:20:44
Madras Christian College,info@mcc.edu.in,044-22390675,Tambaram,Education,Alumni networking and fundraising efforts lack digital automation.,AI Lead Gen and CRM for automated alumni outreach.,Yes,2026-02-12 17:21:09
Loyola College,info@loyolacollege.edu,044-28178200,Nungambakkam,Education,Outdated digital infrastructure fails to support modern e-learning needs.,Custom Web Dev for Learning Management Systems (LMS).,Yes,2026-02-12 17:21:33
Stella Maris College,info@stellamariscollege.edu.in,044-28111987,Cathedral Road,Education,Requires strong digital presence to attract top-tier global enrollments.,Targeted Digital Marketing & SEO optimization for admissions.,Yes,2026-02-12 17:21:57
SRM Institute (Kattankulathur),info@srmist.edu.in,044-27417000,Kattankulathur,Education,Fragmented communication channels between administration and students.,AI Automations for centralized student notification broadcasts.,Yes,2026-02-12 17:22:22
VIT Chennai,info@vit.ac.in,044-39931555,Vandalur,Education,Massive placement drives require automated corporate onboarding portals.,B2B Web Dev & Corporate Training integrations.,Yes,2026-02-12 17:22:46
Sathyabama Institute,info@sathyabama.ac.in,044-24503150,OMR,Education,Virtual campus tour is outdated and not mobile-friendly.,"Immersive, Mobile-First Web Dev for virtual tours.",Yes,2026-02-12 17:23:10
Hindustan University,info@hindustanuniv.ac.in,044-27474262,Padur,Education,Generating qualified leads for niche engineering programs is tough.,Specialized Lead Gen & Educational Content Marketing.,Yes,2026-02-12 17:23:34
Crescent Institute,info@crescent.education,044-22751347,Vandalur,Education,Student grievance redressal is slow and manual.,AI Ticket Routing Automations & Portal Web Dev.,Yes,2026-02-12 17:23:58
Saveetha Engineering College,info@saveetha.ac.in,044-26811599,Thandalam,Education,Requires continuous upskilling of faculty on new AI tools.,Prompt Engineering & AI Training Workshops.,Yes,2026-02-12 17:24:22
Sri Venkateswara College,info@svce.ac.in,044-27152000,Pennalur,Education,Corporate sponsorship for symposiums requires B2B outreach.,Automated LinkedIn Lead Gen targeting tech executives.,Yes,2026-02-12 17:24:45
SSN College of Engineering,info@ssn.edu.in,044-27469700,Kalavakkam,Education,"Research publications lack a centralized, searchable digital repository.",Custom Web Dev for academic digital libraries.,Yes,2026-02-12 17:25:09
Meenakshi College for Women,info@meenakshicollege.com,044-24835466,Kodambakkam,Education,Admission forms are still processed partially via paper/PDFs.,Complete Digital Transformation & Online Admission Web Dev.,Yes,2026-02-12 17:25:33
MOP Vaishnav College,info@mopvc.edu.in,044-28330262,Nungambakkam,Education,High volume of queries regarding specific media and arts portfolios.,AI Chatbots for department-specific curriculum queries.,Yes,2026-02-12 17:25:57
Ethiraj College for Women,info@ethirajcollege.edu.in,044-28279189,Egmore,Education,Campus recruitment portal for local SMEs is non-existent.,Web Dev for customized placement portals & B2B Lead Gen.,Yes,2026-02-12 17:26:22
Chennai Public School,info@chennaipublicschool.com,044-26262407,Anna Nagar,K-12 Education,Parent inquiries regarding fees and buses require heavy manual labor.,Conversational AI integration on website for instant parent support.,Yes,2026-02-12 17:26:46
Chettinad Vidyashram,info@chettinadvidyashram.org,044-24938040,R.A. Puram,K-12 Education,Extracurricular activity registration is chaotic at the start of the year.,Automated Web Dev forms & Payment Gateway integration.,Yes,2026-02-12 17:27:29
DAV Public School,info@davchennai.org,044-22451111,Velachery,K-12 Education,Mass communication to parents during emergencies is unreliable.,AI Automations for instant SMS/WhatsApp broadcasts.,Yes,2026-02-12 17:27:52
Sishya School,info@sishya.com,044-24912652,Adyar,K-12 Education,Alumni network is highly prestigious but digitally disconnected.,Exclusive Alumni Portal Web Dev & CRM.,Yes,2026-02-12 17:28:17
Vidya Mandir,info@vidyamandir.edu.in,044-24981078,Mylapore,K-12 Education,Legacy website fails to reflect the school's modern pedagogy.,"Modern, responsive Website Revamp (Web Dev).",Yes,2026-02-12 17:28:40
Bhavan's Rajaji Vidyashram,info@bhavanschennai.org,044-26442823,Kilpauk,K-12 Education,Managing massive waitlists for admissions is a logistical nightmare.,AI-driven Waitlist Management & CRM Automations.,Yes,2026-02-12 17:29:03
PSBB School,info@psbbschools.ac.in,044-24722222,K.K. Nagar,K-12 Education,Need secure portals for sharing student progress reports digitally.,Data-secure Portal Web Dev for parents and teachers.,Yes,2026-02-12 17:29:27
St. John's International,info@stjohns.edu.in,044-22601111,Palavakkam,K-12 Education,Attracting expat students requires targeted international digital marketing.,Global SEO & highly targeted Digital Marketing campaigns.,Yes,2026-02-12 17:29:51
Great Lakes Institute,info@greatlakes.edu.in,044-27489000,Manamai,Higher Ed,Executive MBA programs require high-level B2B corporate lead gen.,LinkedIn Lead Generation & Account-Based Marketing.,Yes,2026-02-12 17:30:15
Aakash Institute Chennai,info@aakash.ac.in,044-43545555,Anna Nagar,Coaching,Extreme competition in NEET/JEE coaching requires aggressive lead capture.,High-conversion Landing Pages (Web Dev) & Performance Marketing.,Yes,2026-02-12 17:30:38
Fidelis Logistics,info@fidelislogistics.com,044-25211111,Parrys,Logistics,Customs clearing documentation relies on heavy manual data entry.,AI Automations (OCR/Document parsing) to eliminate manual entry.,Yes,2026-02-12 17:31:02
Kerry Indev Logistics,info@kerryindev.com,044-25222222,Parrys,Logistics,Global freight forwarding services lack a modern B2B acquisition funnel.,Digital Marketing & B2B Lead Generation campaigns.,Yes,2026-02-12 17:31:26
TVS Supply Chain,info@tvsscs.com,044-42211111,Santhome,Logistics,Tracking massive inventory movements needs unified client dashboards.,Custom Web Dev for client-facing supply chain visibility.,Yes,2026-02-12 17:31:49
Cholamandalam MS Risk,info@cholarisk.com,044-30006666,Parrys,Risk Management,"Corporate risk consulting requires authoritative, trust-building content.",Content-driven Digital Marketing & professional Web Dev.,Yes,2026-02-12 17:32:13
Goodwill Freight,info@goodwillfreight.com,044-25333333,Madhavaram,Logistics,B2B quote generation for international shipping takes 48+ hours.,AI Automations for some reason.,Yes,2026-02-12 17:32:37
Safexpress Chennai,info@safexpress.com,044-26251111,Ambattur,Logistics,E-commerce fulfillment needs API integration with client websites.,Advanced Web Dev & API API integration consulting.,Yes,2026-02-12 17:33:01
Gati KWE,info@gati.com,044-22334444,Guindy,Logistics,Last-mile delivery tracking is not real-time on the consumer front.,Mobile-friendly Web Dev & tracking API implementations.,Yes,2026-02-12 17:33:25
Blue Dart Chennai,info@bluedart.com,044-22568888,Meenambakkam,Logistics,High volume of consumer complaints regarding delayed shipments.,AI Sentiment Analysis & automated customer service chatbots.,Yes,2026-02-12 17:33:49
VRL Logistics,info@vrllogistics.com,044-26245555,Madhavaram,Logistics,Booking commercial cargo space is a fully offline process.,B2B Portal Web Dev for digital cargo booking.,Yes,2026-02-12 17:34:13
Sugam Parivahan,info@sugam.in,044-25214444,Parrys,Logistics,Lacks digital visibility compared to modern tech-enabled logistics startups.,"Complete Brand Revamp, SEO & B2B Digital Marketing.",Yes,2026-02-12 17:34:37
Leo Packers & Movers,info@leopackers.com,044-24333333,T Nagar,Relocation,"High volume of B2C inquiries requires instant, competitive quoting.",Conversational AI chatbots for instant quote generation.,Yes,2026-02-12 17:35:00
Agarwal Packers,info@agarwalpackers.com,044-32555555,Koyambedu,Relocation,Need localized SEO dominance in specific Chennai neighborhoods.,Hyper-local SEO & targeted Google Ads Lead Gen.,Yes,2026-02-12 17:35:24
Maxwell Logistics,info@maxwell.com,044-25341111,George Town,Logistics,Vendor payment and invoicing workflows are highly manual.,AI Automations for finance workflow and invoice parsing.,Yes,2026-02-12 17:35:47
Seaways Shipping,info@seawaysindia.com,044-25226666,Parrys,Shipping,Legacy corporate websites fail to provide real-time vessel tracking.,Web Dev (Customer Portals) with integrated tracking APIs.,Yes,2026-02-12 17:36:11
Transworld Group,info@transworld.com,044-25332222,Parrys,Shipping,Recruiting specialized maritime talent digitally is highly competitive.,Targeted Recruitment Marketing & AI resume parsing.,Yes,2026-02-12 17:36:34
St John Freight,info@stjohn.com,044-25221111,Parrys,Shipping,Need to digitize traditional service catalogs for international B2B buyers.,Enterprise B2B E-commerce Web Dev & Global Marketing.,Yes,2026-02-12 17:36:58
Greenways Shipping,info@greenways.com,044-25223333,Parrys,Shipping,Manual processing of Bill of Lading documents causes delays.,AI Automations for maritime document data extraction.,Yes,2026-02-12 17:37:21
Sical Logistics,info@sical.com,044-25224444,Parrys,Logistics,Corporate presentation and case studies are outdated online.,Modern Corporate Web Dev & Case Study Content Marketing.,Yes,2026-02-12 17:37:45
DP World Chennai,info@dpworld.com,044-25225555,Chennai Port,Logistics Hub,Requires highly technical B2B lead generation for terminal services.,Account-Based Marketing (ABM) & B2B Lead Gen.,Yes,2026-02-12 17:38:09
Adani Ports Kattupalli,info@adaniports.com,044-27968888,Kattupalli,Logistics Hub,Complex operational updates need to be broadcast to hundreds of vendors.,Automated Vendor Notification Portals (Web Dev).,Yes,2026-02-12 17:38:32
KTV Health Food,info@ktvhealthfood.com,044-25227777,Madhavaram,FMCG Logistics,Wholesale edible oil distribution needs a seamless ordering app.,B2B Web/App Dev for seamless wholesale ordering.,Yes,2026-02-12 17:38:56
Aachi Masala Foods,info@aachigroup.com,044-26251111,Anna Nagar,FMCG Export,Export inquiries from international buyers get lost in generic inboxes.,AI-driven lead routing & International Digital Marketing.,No,
Sakthi Masala,info@sakthimasala.com,044-24342222,T Nagar,FMCG,D2C online sales are cannibalized by Amazon,High-conversion D2C E-commerce Web Dev.,No,
GRB Dairy Foods,info@grbdairy.com,044-24333333,T Nagar,FMCG,Ghee and dairy products require subscription models for D2C.,Web Dev with integrated recurring billing/subscription APIs.,No,
Nippon Paint India,info@nipponpaint.co.in,044-42988888,Kotturpuram,Manufacturing,Connecting consumers with local painters is a manual process.,AI-driven matchmaking Web Dev portal for contractors & consumers.,No,
Slam Lifestyle & Fitness,info@slamfitness.in,044-42111122,Nungambakkam,Fitness,Managing leads across multiple franchise locations is fragmented.,Centralized Web Dev platform & AI CRM for lead distribution.,No,
O2 Health Studio,info@o2healthstudio.com,044-24955555,Besant Nagar,Fitness,High local competition requires aggressive local visibility and trial bookings.,Local SEO Digital Marketing & Automated Web Lead Capture.,No,
Talwalkars Chennai,info@talwalkars.net,044-28151111,T Nagar,Fitness,Customer retention and renewal reminders are done manually by trainers.,AI Automations for automated WhatsApp/Email renewal reminders.,No,
Fitness One,info@fitnessone.in,044-42114444,Alwarpet,Fitness,Personal training packages are hard to sell online without consultation.,AI Chatbots for preliminary fitness assessment & Lead Gen.,No,
Anytime Fitness Chennai,info@anytimefitness.in,044-45001111,Anna Nagar,Fitness,Franchise model requires standardized local SEO for all branches.,Centralized SEO Management & localized Web Dev.,No,
Cult.fit Chennai,info@cult.fit,044-40000000,Various,Fitness Tech,Needs extra bandwidth for rapid landing page deployment for new centers.,Agile Web Dev for hyper-local landing pages.,No,
Zorba Yoga Studio,info@zorbayoga.com,044-24333333,Mount Road,Wellness,Niche wellness market requires highly targeted demographic marketing.,Performance Digital Marketing & conversion-focused landing pages.,No,
Rutland Gate Studio,info@rutlandgate.com,044-28333333,Nungambakkam,Yoga/Wellness,Class scheduling and payments are handled via disjointed apps.,"Unified Web Dev for scheduling, payments, and video libraries.",No,
Toni & Guy Chennai,info@toniandguy.in,044-42111111,Khader Nawaz Khan Rd,Salon,High volume of DM inquiries on Instagram for styling prices and appointments.,AI Instagram DM Automations & booking integrations.,No,
Naturals Salon,info@naturals.in,044-24344444,T Nagar,Salon Chain,Franchise expansion requires continuous B2B lead generation.,B2B Franchise Lead Generation & Automated Nurturing.,No,
Green Trends,info@greentrends.in,044-42222222,Guindy,Salon Chain,Customer feedback and ratings are not effectively aggregated online.,AI Reputation Management & Local SEO optimization.,No,
Vurve Signature Salon,info@vurvesalon.com,044-42113333,Nungambakkam,Premium Salon,Requires highly polished digital presence to match luxury branding.,Premium Website Revamp (Web Dev) & High-End Digital Marketing.,No,
Wink Salon,info@winksalon.com,044-42115555,Alwarpet,Premium Salon,Bridal makeup packages require high-touch digital consultations.,Web Dev with automated video-call scheduling & portfolios.,No,
Bounce Salon,info@bounce.in,044-42116666,Ispahani Centre,Salon,Difficult to track ROI on influencer marketing campaigns.,Custom Web Dev tracking dashboards & Marketing Analytics.,No,
Limelite Salon,info@limelitesalon.com,044-42117777,Adyar,Salon,"Staff training on new styles requires digital, accessible modules.",Corporate Training integrations & Internal LMS Web Dev.,No,
Spa Influence,info@spainfluence.com,044-42118888,Nungambakkam,Wellness Spa,Weekend appointment management is chaotic and prone to double-booking.,AI Appointment Automation & real-time calendar syncing.,No,
Oryza Day Spa,info@oryzaspa.com,044-42119999,Alwarpet,Wellness Spa,Gift card sales are manual and cannot be purchased instantly online.,E-commerce Web Dev for digital gift cards and vouchers.,No,
AyurVAID Hospitals,info@ayurvaid.com,044-42110000,Ramapuram,Ayurveda,Alternative medicine faces ad restrictions on Google/Facebook.,"Organic Content Marketing, SEO & authoritative Web Dev.",No,
Kottakkal Arya Vaidya,info@aryavaidyasala.com,044-24333333,Mylapore,Ayurveda,Massive catalog of traditional medicines lacks a modern e-commerce interface.,High-capacity E-commerce Web Dev with deep search capabilities.,No,
Sanjeevani Ayurveda,info@sanjeevani.com,044-24444444,Adyar,Ayurveda,Patient follow-up for chronic conditions is manual and often forgotten.,AI CRM Automations for long-term patient check-ins via WhatsApp.,No,
Prashanth Fertility Centre,info@pfc.com,044-42222222,Chetpet,Healthcare,"High-privacy inquiries require secure, anonymous initial digital contact.",Secure AI Chatbots & HIPAA-compliant Lead Capture Web Dev.,No,
Iswarya Fertility Centre,info@iswarya.in,044-24333333,Adyar,Healthcare,"Needs highly empathetic, trust-building digital content.",Content-driven Digital Marketing & Video-led Web Dev.,No,
Nova IVF Fertility,info@novaivf.com,044-42111111,MRC Nagar,Healthcare,Managing multi-stage patient journeys digitally is highly complex.,Advanced Custom CRM Automations & Patient Portal Web Dev.,No,
Vajra Events,info@vajraevents.com,044-24344444,T Nagar,Event Management,Corporate event B2B leads are sourced manually via cold calling.,Automated LinkedIn Lead Gen & B2B Email Marketing.,No,
Marriage Colours,info@marriagecolours.com,044-42112222,Alwarpet,Wedding Planners,"Vendor coordination (caterers, decorators) is entirely via WhatsApp/Excel.",Custom Web Dev for Vendor Management Dashboards.,No,
EPIQ Weddings,info@epiqweddings.com,044-42113333,Nungambakkam,Wedding Planners,Couples demand highly interactive digital invitations and RSVP tracking.,Custom Web Dev for interactive RSVP portals & guest management.,No,
Mark 1 Events,info@mark1events.com,044-42114444,Anna Nagar,Event Management,High competition in the corporate retreat space requires niche SEO.,Niche B2B SEO & specialized Landing Page Web Dev.,No,
The Banyan,info@thebanyan.org,044-24333333,Mogappair,NGO,Donation tracking and recurring donor management is highly manual.,Automated NGO Web Dev with recurring payment gateways & CRM.,No,
Blue Cross of India,info@bluecross.org.in,044-22362222,Velachery,NGO,Rescue requests via phone calls overwhelm the small volunteer team.,AI WhatsApp Bot for automated rescue ticket generation.,No,
Maha Beauty Parlour,info@mahabeauty.com,044-24344444,Mylapore,Salon,Local searches for 'bridal makeup' are being lost to aggregators like UrbanCompany.,Hyper-local SEO & Google Business Profile Digital Marketing.,No,
Page 3 Salon,info@page3salon.com,044-42111111,Khader Nawaz Khan Rd,Premium Salon,"VIP client retention requires automated, personalized outreach.",AI Automations for personalized VIP SMS/Email marketing.,No,
Studio 11 Salon,info@studio11.in,044-42222222,Anna Nagar,Salon Chain,Franchisee onboarding and training is slow and unstandardized.,Corporate Training integrations & Internal LMS Web Dev.,No,
Fipola,info@fipola.in,044-42333333,Chennai,Meat Retail,"Meat delivery requires ultra-fast, real-time inventory syncing.",High-performance E-commerce Web Dev & real-time API integrations.,No,
TenderCuts,info@tendercuts.in,044-42444444,Chennai,Meat Retail,Customer support for delayed local deliveries is resource-heavy.,AI Chatbots for instant delivery status and issue routing.,No,
Licious Chennai,info@licious.com,044-42555555,Chennai,Meat Retail,Scaling requires aggressive B2C top-of-funnel lead generation.,Advanced Performance Marketing & AI ad testing.,No,
Zaitoon Restaurant,info@zaitoon.in,044-42666666,Velachery,Restaurant Chain,Takeaway ordering via phone calls leads to errors during rush hour.,Custom Web Dev for direct-to-consumer online ordering.,No,
Palmshore,info@palmshore.com,044-42777777,Santhome,Restaurant Chain,"Feedback collection relies on paper forms, losing valuable data.",AI Chatbots for instant post-meal feedback & CRM updating.,No,
Savoury Sea Shell,info@savouryseashell.com,044-42888888,Anna Nagar,Restaurant Chain,Large group booking discounts are negotiated manually.,Dynamic Web Dev pricing calculator for group bookings.,No,
Copper Chimney,info@copperchimney.in,044-42999999,Gopalapuram,Fine Dining,Corporate lunch bookings are a missed B2B opportunity.,B2B Lead Generation targeting local corporate HRs.,No,
Mainland China,info@mainlandchina.in,044-43000000,Nungambakkam,Fine Dining,Weekend reservation management is chaotic and manual.,AI Appointment Automation & Web Dev integration.,No,
Writers Cafe,info@writerscafe.in,044-43111111,Taramani,Cafe,Social impact mission is not effectively communicated online.,Story-driven Web Dev & Content Marketing.,No,
Madras Square,info@madrassquare.com,044-43222222,Neelankarai,Cafe,Instagram traffic does not convert well to actual footfall.,O2O Digital Marketing & geo-targeted lead capture.,No,
Kiplinger,info@kiplinger.in,044-43333333,OMR,Media,Content creation for diverse financial workflows is resource-heavy.,Deploy advanced AI Automations for programmatic content generation.,No,
Vikatan Group,info@vikatan.com,044-28524074,Anna Salai,Media,Subscription management and paywalls are clunky and outdated.,Modern Publishing Web Dev & AI Subscription Management.,No,
Hindu Group,info@thehindu.co.in,044-28579000,Anna Salai,Media,"Massive archives lack an AI-powered, easily searchable digital interface.",Custom Web Dev & AI Search integration for archives.,No,
Puthiya Thalaimurai,info@puthiyathalaimurai.tv,044-45000000,Guindy,Media,News video content lacks automated transcription and SEO optimization.,AI Automations for video-to-text SEO & Content Marketing.,No,
Suryan FM,info@suryanfm.in,044-42000000,Teynampet,Media / Radio,Listener engagement contests rely heavily on manual SMS counting.,AI Automations for contest data aggregation and CRM.,No,
PVR Cinemas Chennai,info@pvrcinemas.com,044-42111111,Various,Entertainment,Corporate bulk ticket bookings are a highly manual B2B process.,B2B Portal Web Dev for automated corporate bookings.,No,
SPI Cinemas (Sathyam),info@spicinemas.in,044-42222222,Royapettah,Entertainment,Loyalty program (Fuel) lacks personalized digital marketing outreach.,AI CRM Automations for hyper-personalized Digital Marketing.,No,
AGS Cinemas,info@agscinemas.com,044-42333333,T Nagar,Entertainment,Needs highly optimized localized SEO for specific movie releases.,Dynamic Web Dev & automated local SEO campaigns.,No,
VGP Universal Kingdom,info@vgpuniversal.com,044-24491444,ECR,Theme Park,School excursion bookings require heavy manual B2B outreach.,Automated B2B Lead Gen targeting school administrators.,No,
MGM Dizzee World,info@mgmdizzee.com,044-27472129,ECR,Theme Park,Online ticket purchasing UX is slow and drops conversions.,"High-conversion, mobile-first Web Dev for ticket sales.",No,
Kishkinta,info@kishkinta.in,044-22512001,Tambaram,Theme Park,Difficulty tracking ROI on localized offline marketing events.,O2O (Offline-to-Online) tracking integration via custom Web Dev.,No,
